"id","age","pair_id","pos","Index_F","Index_R","Sequence_F","Sequence_R"
"W8915pup","P","8","A1","N701","S501","TAAGGCGA","TAGATCGC"
"AGF11011","M","28","B1","N701","S502","TAAGGCGA","CTCTCTAT"
"W8921mum","M","16","C1","N701","S503","TAAGGCGA","TATCCTCT"
"W8937mum","M","38","D1","N701","S504","TAAGGCGA","AGAGTAGA"
"W8552/W8258pup","P","25","E1","N701","S505","TAAGGCGA","GTAAGGAG"
"W8935mum","M","35","F1","N701","S506","TAAGGCGA","ACTGCATA"
"W8918pup","P","12","G1","N701","S507","TAAGGCGA","AAGGAGTA"
"AGP11022","P","3","H1","N701","S508","TAAGGCGA","CTAAGCCT"
"AGP11051","P","15","A2","N702","S501","CGTACTAG","TAGATCGC"
"AGF11015","M","40","B2","N702","S502","CGTACTAG","CTCTCTAT"
"AGP11211","P","47","C2","N702","S503","CGTACTAG","TATCCTCT"
"AGP11174","P","43","D2","N702","S504","CGTACTAG","AGAGTAGA"
"AGF11016","M","41","E2","N702","S505","CGTACTAG","GTAAGGAG"
"W8913pup","P","6","F2","N702","S506","CGTACTAG","ACTGCATA"
"W8915mum","M","8","G2","N702","S507","CGTACTAG","AAGGAGTA"
"W8913mum","M","6","H2","N702","S508","CGTACTAG","CTAAGCCT"
"AGP11026","P","4","A3","N703","S501","AGGCAGAA","TAGATCGC"
"AGF11008","M","19","B3","N703","S502","AGGCAGAA","CTCTCTAT"
"W8927mum","M","23","C3","N703","S503","AGGCAGAA","TATCCTCT"
"AGF11014","M","37","D3","N703","S504","AGGCAGAA","AGAGTAGA"
"AGF11018","M","43","E3","N703","S505","AGGCAGAA","GTAAGGAG"
"AGF11006","M","9","F3","N703","S506","AGGCAGAA","ACTGCATA"
"W8916pup","P","10","G3","N703","S507","AGGCAGAA","AAGGAGTA"
"AGP11151","P","44","H3","N703","S508","AGGCAGAA","CTAAGCCT"
"W8914mum","M","7","A4","N704","S501","TCCTGAGC","TAGATCGC"
"AGF11023","M","48","B4","N704","S502","TCCTGAGC","CTCTCTAT"
"AGF11002","M","2","C4","N704","S503","TCCTGAGC","TATCCTCT"
"W8922pup","P","17","D4","N704","S504","TCCTGAGC","AGAGTAGA"
"W8921pup","P","16","E4","N704","S505","TCCTGAGC","GTAAGGAG"
"AGF11012","M","29","F4","N704","S506","TCCTGAGC","ACTGCATA"
"W8933pup","P","33","G4","N704","S507","TCCTGAGC","AAGGAGTA"
"AGF11020","M","45","H4","N704","S508","TCCTGAGC","CTAAGCCT"
"AGF11021","M","46","A5","N705","S501","GGACTCCT","TAGATCGC"
"W8935pup","P","35","B5","N705","S502","GGACTCCT","CTCTCTAT"
"AGF11003","M","3","C5","N705","S503","GGACTCCT","TATCCTCT"
"AGP11014","P","2","D5","N705","S504","GGACTCCT","AGAGTAGA"
"AGP11125","P","37","E5","N705","S505","GGACTCCT","GTAAGGAG"
"AGP11192","P","45","F5","N705","S506","GGACTCCT","ACTGCATA"
"W8916mum","M","10","G5","N705","S507","GGACTCCT","AAGGAGTA"
"W8928mum","M","24","H5","N705","S508","GGACTCCT","CTAAGCCT"
"AGP11185","P","46","A6","N706","S501","TAGGCATG","TAGATCGC"
"W8922mum","M","17","B6","N706","S502","TAGGCATG","CTCTCTAT"
"AGP11079","P","29","C6","N706","S503","TAGGCATG","TATCCTCT"
"W8936pup","P","36","D6","N706","S504","TAGGCATG","AGAGTAGA"
"AGF11022","M","47","E6","N706","S505","TAGGCATG","GTAAGGAG"
"AGP11145","P","41","F6","N706","S506","TAGGCATG","ACTGCATA"
"W8930pup","P","30","G6","N706","S507","TAGGCATG","AAGGAGTA"
"W8924pup","P","20","H6","N706","S508","TAGGCATG","CTAAGCCT"
"W8552/W8258mum","M","25","A7","N707","S501","CTCTCTAC","TAGATCGC"
"AGF11005","M","5","B7","N707","S502","CTCTCTAC","CTCTCTAT"
"W8936mum","M","36","C7","N707","S503","CTCTCTAC","TATCCTCT"
"AGP11041","P","19","D7","N707","S504","CTCTCTAC","AGAGTAGA"
"W8914pup","P","7","E7","N707","S505","CTCTCTAC","GTAAGGAG"
"AGP11065","P","27","F7","N707","S506","CTCTCTAC","ACTGCATA"
"AGF11010","M","27","G7","N707","S507","CTCTCTAC","AAGGAGTA"
"W8927pup","P","23","H7","N707","S508","CTCTCTAC","CTAAGCCT"
"AGF11004","M","4","A8","N712","S501","GTAGAGGA","TAGATCGC"
"W8931mum","M","31","B8","N712","S502","GTAGAGGA","CTCTCTAT"
"AGP11078","P","26","C8","N712","S503","GTAGAGGA","TATCCTCT"
"AGP11063","P","28","D8","N712","S504","GTAGAGGA","AGAGTAGA"
"W8928pup","P","24","E8","N712","S505","GTAGAGGA","GTAAGGAG"
"W8925pup","P","21","F8","N712","S506","GTAGAGGA","ACTGCATA"
"AGP11032","P","9","G8","N712","S507","GTAGAGGA","AAGGAGTA"
"AGP11200","P","48","H8","N712","S508","GTAGAGGA","CTAAGCCT"
"AGF11009","M","26","A9","N709","S501","GCTACGCT","TAGATCGC"
"W8923mum","M","18","B9","N709","S502","GCTACGCT","CTCTCTAT"
"W8930mum","M","30","C9","N709","S503","GCTACGCT","TATCCTCT"
"W8937pup","P","38","D9","N709","S504","GCTACGCT","AGAGTAGA"
"W8920pup","P","14","E9","N709","S505","GCTACGCT","GTAAGGAG"
"W8920mum","M","14","F9","N709","S506","GCTACGCT","ACTGCATA"
"W8939pup","P","39","G9","N709","S507","GCTACGCT","AAGGAGTA"
"AGP11018","P","5","H9","N709","S508","GCTACGCT","CTAAGCCT"
"W8924mum","M","20","A10","N710","S501","CGAGGCTG","TAGATCGC"
"AGP11144","P","40","B10","N710","S502","CGAGGCTG","CTCTCTAT"
"W8939mum","M","39","C10","N710","S503","CGAGGCTG","TATCCTCT"
"W8918mum","M","12","D10","N710","S504","CGAGGCTG","AGAGTAGA"
"AGF11019","M","44","E10","N710","S505","CGAGGCTG","GTAAGGAG"
"W8933mum","M","33","F10","N710","S506","CGAGGCTG","ACTGCATA"
"W8931pup","P","31","G10","N710","S507","CGAGGCTG","AAGGAGTA"
"AGF11007","M","15","H10","N710","S508","CGAGGCTG","CTAAGCCT"
"W8925mum","M","21","A11","N711","S501","AAGAGGCA","TAGATCGC"
"W8923pup","P","18","B11","N711","S502","AAGAGGCA","CTCTCTAT"
"W8914mum","M","7","C11","N711","S503","AAGAGGCA","TATCCTCT"
"W8928pup","P","24","D11","N711","S504","AAGAGGCA","AGAGTAGA"
"W8933pup","P","33","E11","N711","S505","AAGAGGCA","GTAAGGAG"
"W8935mum","M","35","F11","N711","S506","AAGAGGCA","ACTGCATA"
"W8915pup","P","8","G11","N711","S507","AAGAGGCA","AAGGAGTA"
"AGF11007","M","15","H11","N711","S508","AAGAGGCA","CTAAGCCT"
